Epoch,Total Loss,Target Loss,Regularization Loss
1,2.4805303,2.4525743,0.27956125
2,2.1027486,2.074396,0.28352723
3,1.6250014,1.596687,0.28314486
4,1.5277219,1.4998711,0.278508
5,1.1913399,1.1629885,0.28351286
6,1.116916,1.0888184,0.28097495
7,0.84334564,0.81532526,0.2802038
8,0.49919173,0.47092795,0.2826377
9,0.40065044,0.37253428,0.28116155
10,0.45212492,0.42441657,0.27708364
11,0.22338194,0.19469759,0.28684345
12,0.101757675,0.07311933,0.28638348
13,0.11043188,0.08206032,0.28371555
14,0.09134069,0.06343122,0.2790947
15,0.068467826,0.040467422,0.280004
16,0.06873852,0.040728033,0.28010485
17,0.047534794,0.019561347,0.27973446
18,0.041897327,0.0138785895,0.28018737
19,0.04343904,0.015400266,0.28038776
20,0.036991306,0.008296463,0.28694844
21,0.03420118,0.0060863746,0.28114805
22,0.03555077,0.0075598517,0.27990916
23,0.03211671,0.004281829,0.27834883
24,0.030594485,0.0024040774,0.28190407
25,0.03222274,0.004287132,0.27935606
26,0.030418681,0.0022884193,0.2813026
27,0.033256065,0.0053876187,0.27868447
28,0.029764298,0.0018565988,0.279077
29,0.03165808,0.0035757564,0.28082323
30,0.030849377,0.003021235,0.27828142
31,0.029098665,0.001399637,0.2769903
32,0.029773656,0.0013428878,0.2843077
33,0.03033253,0.0027314029,0.27601126
34,0.030201735,0.0028615133,0.2734022
35,0.02990808,0.0023330692,0.2757501
36,0.028516844,0.0003794995,0.28137344
37,0.028883122,0.00081811677,0.28065005
38,0.029155204,0.0013605946,0.27794608
39,0.028393118,0.00051700394,0.27876115
40,0.02845092,0.0008658912,0.27585027
41,0.030588228,0.0031320937,0.27456135
42,0.028653307,0.0009890501,0.27664256
43,0.02814021,0.0008675729,0.27272636
44,0.028051289,0.00073554047,0.27315748
45,0.028409136,0.0012687624,0.27140373
46,0.02800843,0.0012244235,0.26784006
47,0.028304005,0.0005925752,0.2771143
48,0.028175924,0.00059463625,0.27581286
49,0.027617065,0.00039511448,0.2722195
50,0.028107325,0.0005677759,0.27539548
51,0.027555374,0.00048425043,0.27071124
52,0.0278207,0.0004192561,0.27401444
53,0.027688503,0.0006773943,0.27011108
54,0.02771162,0.0004780302,0.2723359
55,0.027624529,0.00044221192,0.27182317
56,0.027621025,0.0006827209,0.26938304
57,0.02772281,0.00049853075,0.27224278
58,0.027715465,0.00046440947,0.27251056
59,0.027487224,0.00035193597,0.2713529
60,0.027503762,0.00077889796,0.26724863
61,0.027834043,0.0012681289,0.26565912
62,0.027323354,0.0003854771,0.26937878
63,0.027216988,0.0004683209,0.26748666
64,0.027712688,0.0011486347,0.26564053
65,0.027177574,0.00054580695,0.26631767
66,0.027392855,0.000904794,0.2648806
67,0.027287927,0.0007365568,0.2655137
68,0.027197864,0.00047411298,0.2672375
69,0.027630545,0.00075213995,0.26878405
70,0.026878398,0.00036620934,0.26512188
71,0.027236711,0.00068368495,0.26553026
72,0.027232518,0.00046995847,0.2676256
73,0.026903015,0.0003492143,0.265538
74,0.026989687,0.00040834025,0.26581347
75,0.026969513,0.0004088801,0.2656063
76,0.027226968,0.0005573224,0.26669645
77,0.02713497,0.0006655394,0.2646943
78,0.027389154,0.00032117352,0.2706798
79,0.027752321,0.0010503455,0.26701975
80,0.026992679,0.000317513,0.26675165
81,0.026748912,0.00039093068,0.26357982
82,0.026970502,0.0006880281,0.26282474
83,0.027176304,0.00045262935,0.26723674
84,0.02713378,0.00068219675,0.26451582
85,0.026951188,0.0005537759,0.26397413
86,0.027122706,0.00030727603,0.2681543
87,0.02709131,0.0009471838,0.26144126
88,0.027002651,0.0006039877,0.26398665
89,0.02635542,0.0004896949,0.25865725
90,0.02731743,0.0011788069,0.26138625
91,0.026715737,0.00067751267,0.26038224
92,0.026823761,0.00036354223,0.26460218
93,0.027067138,0.00096894684,0.26098192
94,0.026721621,0.0007549871,0.25966632
95,0.026888346,0.00055364554,0.263347
96,0.027790744,0.001411912,0.2637883
97,0.026817886,0.00025998463,0.26557902
98,0.02727683,0.000592284,0.26684546
99,0.02674592,0.0005419491,0.2620397
100,0.026620602,0.00040130946,0.26219293
101,0.027373038,0.0011495223,0.26223516
102,0.026557466,0.0002577168,0.26299748
103,0.02769683,0.0016922377,0.26004592
104,0.026079325,0.00082825165,0.25251073
105,0.026845979,0.0003220717,0.26523906
106,0.026695333,0.00029285025,0.26402482
107,0.026210686,0.00058266637,0.25628018
108,0.027003327,0.0008488896,0.26154438
109,0.026092896,0.00021584918,0.25877047
110,0.026245417,0.00068539684,0.25560018
111,0.026421165,0.0006189953,0.25802168
112,0.026306614,0.0005649278,0.25741687
113,0.026462022,0.00048254797,0.25979474
114,0.026130838,0.0007091138,0.25421724
115,0.025989493,0.00030491254,0.2568458
116,0.026422065,0.00027023902,0.26151827
117,0.026463531,0.0002932725,0.2617026
118,0.026630042,0.0005806576,0.26049384
119,0.026290415,0.00045527876,0.25835136
120,0.026437392,0.00037055323,0.2606684
121,0.02588496,0.0004157485,0.2546921
122,0.025819581,0.00035810264,0.25461477
123,0.026161488,0.0007242128,0.25437275
124,0.026705086,0.00036348007,0.26341605
125,0.02618159,0.0003238159,0.25857773
126,0.02643147,0.00079278456,0.25638685
127,0.026013156,0.0002245575,0.257886
128,0.026009772,0.0004939739,0.25515798
129,0.025727855,0.0006222158,0.25105637
130,0.025819024,0.0004917882,0.25327235
131,0.02628021,0.00044174117,0.25838467
132,0.026102439,0.00065615925,0.25446278
133,0.025957089,0.00018513354,0.25771955
134,0.026456537,0.00019294795,0.2626359
135,0.026479023,0.00050258456,0.25976437
136,0.026841093,0.00082372414,0.26017368
137,0.026286125,0.00029878836,0.25987336
138,0.026131881,0.00026914265,0.25862738
139,0.026689641,0.0011231186,0.2556652
140,0.025907703,0.0006680422,0.2523966
141,0.025847455,0.00055503024,0.25292423
142,0.026134845,0.00046199834,0.25672847
143,0.026171437,0.00035538958,0.25816047
144,0.025940243,0.0009811369,0.24959105
145,0.025846437,0.0007748176,0.25071618
146,0.026216079,0.0003514175,0.2586466
147,0.025798468,0.00044069957,0.25357768
148,0.02615107,0.00078887935,0.2536219
149,0.025973959,0.00044190965,0.2553205
150,0.025848301,0.00037995714,0.25468343
151,0.025938941,0.0002236098,0.2571533
152,0.025664492,0.0006758094,0.24988683
153,0.02637511,0.00022118908,0.2615392
154,0.025493382,0.00058147334,0.24911907
155,0.02594094,0.0005761447,0.25364795
156,0.025816064,0.00043803017,0.25378034
157,0.025706938,0.00042279597,0.2528414
158,0.025648072,0.0003552736,0.252928
159,0.025756298,0.00046451256,0.25291786
160,0.02559645,0.00042581913,0.2517063
161,0.026823021,0.0014316818,0.2539134
162,0.026231544,0.0013824038,0.2484914
163,0.025549589,0.0005478208,0.25001767
164,0.025606923,0.0005023361,0.25104585
165,0.025465915,0.00029044854,0.25175467
166,0.025429195,0.00029017648,0.2513902
167,0.025320532,0.00044201218,0.2487852
168,0.026261158,0.0010167334,0.25244424
169,0.025364576,0.0003541343,0.25010443
170,0.02587309,0.00052678987,0.253463
171,0.025769588,0.00024150511,0.25528082
172,0.025637604,0.00019670885,0.25440896
173,0.026069446,0.0011648573,0.24904588
174,0.025463497,0.00030148288,0.25162014
175,0.02540421,0.00032320103,0.2508101
176,0.02517848,0.00034989923,0.24828582
177,0.025336921,0.0002704881,0.25066432
178,0.026800955,0.0017249881,0.25075966
179,0.025402173,0.0007120513,0.24690121
180,0.02592371,0.00046779428,0.25455916
181,0.025485242,0.0002755858,0.25209656
182,0.02563301,0.00035277355,0.25280234
183,0.025321864,0.00052231585,0.24799548
184,0.025071954,0.000727899,0.24344055
185,0.025772456,0.00020370272,0.25568753
186,0.02580271,0.00084859156,0.24954118
187,0.02554018,0.00037643992,0.2516374
188,0.025536358,0.00046979386,0.25066563
189,0.02592929,0.0011282846,0.24801007
190,0.025530936,0.00022656136,0.25304374
191,0.024991661,0.00021425216,0.24777408
192,0.025704019,0.0003689062,0.25335112
193,0.025514262,0.0003636516,0.2515061
194,0.025299475,0.00016895926,0.25130516
195,0.025398254,0.00035967957,0.25038576
196,0.025268495,0.00044157478,0.24826919
197,0.02531113,0.00013897283,0.25172156
198,0.024938364,0.00021009758,0.24728265
199,0.024941666,0.00046381526,0.2447785
200,0.025227336,0.0005825495,0.24644786
201,0.025169477,0.0004790506,0.24690427
202,0.025003646,0.00037745055,0.24626195
203,0.025160253,0.00039719802,0.24763055
204,0.025199566,0.00033205096,0.24867515
205,0.025200402,0.0007112608,0.24489142
206,0.025565013,0.00066564453,0.2489937
207,0.024801405,0.0002906884,0.24510716
208,0.025253326,0.001153582,0.24099743
209,0.025198255,0.0005966485,0.24601606
210,0.024701318,0.00032731076,0.24374007
211,0.024964198,0.00012133426,0.24842864
212,0.025135128,0.00032003174,0.24815096
213,0.025189893,0.00022435698,0.24965535
214,0.024848975,0.00039101514,0.24457958
215,0.024745256,0.00027902154,0.24466233
216,0.025050644,0.00044057012,0.24610074
217,0.024718648,0.00030127796,0.2441737
218,0.025308963,0.00095058745,0.24358375
219,0.024527265,0.00035107977,0.24176183
220,0.024756141,0.00043969054,0.2431645
221,0.024719277,0.0005467937,0.24172482
222,0.024857536,0.00039375448,0.24463782
223,0.024754474,0.000725709,0.24028765
224,0.024824789,0.00031533395,0.24509454
225,0.02499758,0.00044070728,0.24556872
226,0.025041226,0.0005970531,0.24444173
227,0.02452317,0.0002489722,0.24274199
228,0.02446781,0.0002427395,0.24225068
229,0.024872057,0.0001925744,0.24679482
230,0.024567321,0.00029340817,0.24273913
231,0.024619317,0.0004296033,0.24189712
232,0.024703186,0.00084297097,0.23860215
233,0.025406627,0.000643137,0.24763489
234,0.02472754,0.0002636643,0.24463876
235,0.024744973,0.0005125648,0.24232408
236,0.02449755,0.0003598993,0.2413765
237,0.02493948,0.00084431306,0.24095166
238,0.024860105,0.00035135364,0.24508749
239,0.02447992,0.0004622111,0.24017708
240,0.0244349,0.0002033325,0.24231568
241,0.02460267,0.00024489826,0.24357772
242,0.024555428,0.00018289557,0.24372533
243,0.024692489,0.00017949748,0.24512991
244,0.024733683,0.00017221922,0.24561465
245,0.024367435,0.00022849473,0.2413894
246,0.024595387,0.00018230292,0.24413085
247,0.024408499,0.00019132333,0.24217175
248,0.024512956,0.0002557133,0.24257243
249,0.02458183,0.00023005994,0.2435177
250,0.02454688,0.00073074776,0.23816133
251,0.024648437,0.00069167226,0.23956764
252,0.024523158,0.00020759205,0.24315566
253,0.024411906,0.00017640209,0.24235503
254,0.02422331,0.00041125645,0.23812053
255,0.024221992,0.0008805834,0.23341408
256,0.024501808,0.00025802478,0.24243782
257,0.024341658,0.0004188299,0.23922826
258,0.024076324,0.0002864583,0.23789865
259,0.02427338,0.00024261286,0.24030767
260,0.024342626,0.0006056969,0.2373693
261,0.024216458,0.00016224472,0.24054214
262,0.02468629,0.00095362606,0.23732664
263,0.024132904,0.0005311646,0.23601738
264,0.02416375,0.00036405097,0.23799698
265,0.024385227,0.00033841142,0.24046816
266,0.024245696,0.00034130653,0.23904388
267,0.024145441,0.00042330477,0.23722136
268,0.024437532,0.00024779252,0.24189739
269,0.02409669,0.00021078554,0.23885903
270,0.023770837,0.00040227227,0.23368564
271,0.024113603,0.0005912515,0.2352235
272,0.024191536,0.00041995052,0.23771586
273,0.024118299,0.00017415546,0.23944142
274,0.024280785,0.0004627186,0.23818065
275,0.024201775,0.0007200979,0.23481676
276,0.024390757,0.0005349689,0.23855788
277,0.023774555,0.00016802522,0.2360653
278,0.02439053,0.0008078608,0.23582669
279,0.024442175,0.0007214291,0.23720746
280,0.024239266,0.0002888262,0.23950441
281,0.02409508,0.000402453,0.23692627
282,0.025111435,0.0018029452,0.23308489
283,0.024017142,0.00033598687,0.23681153
284,0.02413711,0.00048967986,0.23647429
285,0.024057617,0.00044863034,0.23608986
286,0.023774177,0.00027984643,0.23494332
287,0.023494137,0.00025744247,0.23236695
288,0.023973271,0.00072843244,0.23244838
289,0.023842793,0.00028759407,0.23555198
290,0.023790322,0.000682245,0.23108077
291,0.023836255,0.00030144042,0.23534814
292,0.02390633,0.0003877534,0.23518574
293,0.023533465,0.00029429718,0.23239167
294,0.024176443,0.00024641832,0.23930024
295,0.023636796,0.0004338496,0.23202945
296,0.023580387,0.0005338281,0.23046559
297,0.023838883,0.0005098555,0.23329027
298,0.02341529,0.000277032,0.23138258
299,0.023729865,0.00036504006,0.23364826
300,0.023535341,0.0003129702,0.23222369
301,0.023646334,0.00021123637,0.23435096
302,0.023770371,0.00043382923,0.23336543
303,0.023859922,0.00039844663,0.23461476
304,0.023598753,0.00036175345,0.23236999
305,0.023524245,0.00035256724,0.23171678
306,0.023717117,0.00026653433,0.2345058
307,0.023269469,0.00039085388,0.22878616
308,0.023378488,0.00037218427,0.23006304
309,0.02343889,0.00018127111,0.23257619
310,0.023666158,0.0003942679,0.2327189
311,0.023917742,0.00050048006,0.23417261
312,0.02323526,0.00024255797,0.22992702
313,0.02376204,0.00068090286,0.23081136
314,0.023469945,0.0002735718,0.23196372
315,0.023469213,0.0002993013,0.23169912
316,0.023146342,0.00037418125,0.22772162
317,0.02320751,0.00047492614,0.22732584
318,0.023756223,0.00012604853,0.23630174
319,0.023418635,0.00021119649,0.23207438
320,0.023455493,0.0002998914,0.23155601
321,0.023363903,0.00031681132,0.23047091
322,0.023386434,0.00013074129,0.23255692
323,0.023586866,0.001023253,0.22563612
324,0.023337018,0.0004991655,0.22837853
325,0.023064846,0.0002384042,0.22826442
326,0.023307398,0.0003505808,0.22956817
327,0.023302777,0.00015501541,0.23147762
328,0.02351287,0.00020395161,0.23308918
329,0.022893982,0.00052629353,0.22367688
330,0.022788018,0.0001554703,0.22632548
331,0.023171738,0.00052534265,0.22646394
332,0.02272904,0.00029301117,0.22436029
333,0.022693343,0.0003343848,0.22358958
334,0.023033103,0.0002841995,0.22748904
335,0.023284301,0.0002651837,0.23019117
336,0.023024863,0.00025744736,0.22767416
337,0.022917662,0.00016548997,0.22752172
338,0.023084633,0.00018266967,0.22901963
339,0.022699008,0.00017402785,0.2252498
340,0.02277968,0.0001599501,0.2261973
341,0.022962831,0.00016186705,0.22800963
342,0.023295196,0.00042778254,0.22867413
343,0.023212168,0.00013736119,0.23074807
344,0.02284403,0.00035311398,0.22490914
345,0.022767304,0.00045554768,0.22311756
346,0.022930708,0.0002612893,0.22669418
347,0.022966878,0.00034000195,0.22626877
348,0.023084605,0.0005271103,0.22557496
349,0.022638926,0.00047786083,0.22161064
350,0.022889126,0.0004898349,0.22399291
351,0.023374885,0.00090778444,0.224671
352,0.022702944,0.00029246134,0.22410482
353,0.022925097,0.00071940274,0.22205696
354,0.022944264,0.00027343965,0.22670823
355,0.022936366,0.00024061435,0.22695751
356,0.022942081,0.00036107172,0.2258101
357,0.02249267,0.00018073438,0.22311935
358,0.022925636,0.00022883563,0.226968
359,0.022390492,0.0001882645,0.22202227
360,0.022909595,0.00047604577,0.22433549
361,0.022652328,0.0005220933,0.22130235
362,0.022939881,0.0005534683,0.22386412
363,0.022583343,0.000459429,0.22123913
364,0.022587124,0.00026935892,0.22317764
365,0.02304921,0.0008747877,0.22174421
366,0.022518963,0.0003275287,0.22191434
367,0.022692334,0.00019618522,0.22496149
368,0.02269346,0.00015473503,0.22538725
369,0.022443445,0.00045367435,0.2198977
370,0.02286626,0.00025077746,0.22615482
371,0.022764666,0.00023382163,0.22530843
372,0.022723926,0.00055559585,0.22168331
373,0.022661816,0.00055414543,0.2210767
374,0.022353387,0.0002870481,0.22066338
375,0.022674385,0.0004969161,0.22177468
376,0.02270972,0.00017346158,0.22536258
377,0.022521837,0.00029529503,0.22226542
378,0.022480544,0.00012457627,0.22355968
379,0.022276998,0.00024811394,0.22028884
380,0.022338338,0.00019077458,0.22147565
381,0.022397107,0.00024490774,0.22152197
382,0.022585003,0.00042749397,0.22157508
383,0.022232095,0.00032254434,0.2190955
384,0.022481794,0.00029020035,0.22191593
385,0.022169363,0.00025484856,0.21914513
386,0.022353293,0.0002232168,0.22130075
387,0.022272237,0.0004102895,0.21861945
388,0.021971254,0.00027234195,0.21698913
389,0.022119673,0.00016698564,0.21952687
390,0.022450516,0.00059235515,0.2185816
391,0.021915518,0.00027636316,0.21639155
392,0.022007158,0.00023627552,0.21770883
393,0.022173915,0.00046167636,0.21712238
394,0.021952111,0.00042652164,0.21525589
395,0.022068797,0.00020150977,0.21867286
396,0.02196888,0.00011781248,0.21851069
397,0.0224975,0.0006943423,0.21803157
398,0.021987582,0.00016903499,0.21818547
399,0.021972748,0.00023682696,0.21735919
400,0.022083046,0.00041831887,0.21664727
401,0.02206654,0.00017221665,0.21894322
402,0.02262095,0.001163845,0.21457104
403,0.021870693,0.00020857675,0.21662116
404,0.021868315,0.00040355528,0.21464759
405,0.021959845,0.00013025868,0.21829586
406,0.02196543,0.00029074628,0.21674682
407,0.022054028,0.00029097754,0.2176305
408,0.021974655,0.00027562847,0.21699026
409,0.022337519,0.0006700335,0.21667485
410,0.021848924,0.00029896258,0.21549962
411,0.02216095,0.00067866175,0.21482287
412,0.02171751,0.0003166055,0.21400903
413,0.02201788,0.0003587026,0.21659176
414,0.021917194,0.00034035614,0.21576838
415,0.02202998,0.0003777893,0.2165219
416,0.02166336,0.0005232168,0.21140143
417,0.021856286,0.00026878706,0.21587498
418,0.021707589,0.00056299794,0.21144591
419,0.021871733,0.00050505967,0.21366672
420,0.02171053,0.00030619773,0.21404332
421,0.021550985,0.00014966195,0.21401323
422,0.021679949,0.00053030794,0.2114964
423,0.021607159,0.00025368558,0.21353473
424,0.02185289,0.00024531022,0.2160758
425,0.021642763,0.00017981687,0.21462947
426,0.021488735,0.0004164839,0.21072252
427,0.021375215,0.00023321967,0.21141994
428,0.021990484,0.00064250466,0.21347979
429,0.021506561,0.00014620024,0.2136036
430,0.021672834,0.00033585436,0.2133698
431,0.021665622,0.00063171086,0.21033911
432,0.021571396,0.00018600334,0.21385391
433,0.021753352,0.0003873257,0.21366026
434,0.021591138,0.0004376231,0.21153516
435,0.021514185,0.0002990972,0.21215087
436,0.021375295,0.00025804457,0.21117249
437,0.021902848,0.00015311629,0.2174973
438,0.021394929,0.00032187518,0.21073054
439,0.021436594,0.00048218865,0.20954406
440,0.021581281,7.0215574e-05,0.21511064
441,0.022014597,0.00031155048,0.21703047
442,0.02128746,0.00021233872,0.21075122
443,0.02139222,0.00015968594,0.21232533
444,0.021158362,0.0002352116,0.20923151
445,0.021603718,0.00028347663,0.21320242
446,0.021506298,0.00023374522,0.21272552
447,0.021351866,0.00032620897,0.21025658
448,0.021879558,0.00073719677,0.2114236
449,0.021226458,0.0004990122,0.20727445
450,0.02134311,0.00035701704,0.20986094
451,0.021644877,0.0006718118,0.20973065
452,0.021269808,0.000332187,0.2093762
453,0.021696694,0.00049159466,0.21205099
454,0.021492073,0.00048470692,0.21007366
455,0.020952685,0.00018945275,0.2076323
456,0.02124545,0.0003678666,0.20877582
457,0.021272598,0.0002587102,0.21013887
458,0.021151042,0.00018349907,0.20967543
459,0.02104512,0.0001431688,0.20901951
460,0.021260709,0.0002287126,0.21031995
461,0.020792883,0.0003329728,0.20459911
462,0.021115882,0.00023983096,0.20876051
463,0.021185003,0.00023991297,0.2094509
464,0.020944059,0.00020387236,0.20740186
465,0.020784264,0.00043523716,0.20349027
466,0.02108853,0.00024702854,0.20841502
467,0.021330025,0.00029429595,0.21035728
468,0.020917237,0.00034047116,0.20576765
469,0.021333702,0.00048499473,0.20848706
470,0.021311013,0.00042950312,0.20881508
471,0.021263752,0.00036551562,0.20898235
472,0.021054562,0.0005740885,0.20480475
473,0.020664796,0.00018305214,0.20481744
474,0.02095272,0.00013427433,0.20818445
475,0.020651678,0.0001956347,0.20456041
476,0.020948166,0.000278112,0.20670053
477,0.021022888,0.000250194,0.20772693
478,0.020513378,0.00033995294,0.20173424
479,0.020549782,0.0001925319,0.20357248
480,0.020759698,0.0003738528,0.20385844
481,0.020817991,0.00018650525,0.20631486
482,0.021171622,0.0006484874,0.20523134
483,0.020546958,0.00026253253,0.20284425
484,0.020785242,0.00022750173,0.2055774
485,0.020635894,0.00022599839,0.20409895
486,0.020918077,0.00027493437,0.20643143
487,0.02073128,0.00021374348,0.20517536
488,0.020762745,0.00020215455,0.20560591
489,0.020484764,0.00033302078,0.20151743
490,0.020978034,0.0007248239,0.20253208
491,0.020882092,0.0006698475,0.20212243
492,0.020763,0.00032759644,0.20435403
493,0.020660173,0.00010364859,0.20556524
494,0.020908244,0.00060530263,0.20302942
495,0.020714846,0.00034347334,0.20371372
496,0.020506483,0.00013498089,0.20371503
497,0.02060506,0.0001770027,0.20428056
498,0.020095574,0.00018489396,0.1991068
499,0.02051229,0.0006071763,0.19905114
500,0.020438053,0.00030990172,0.2012815
501,0.02063279,0.00036391802,0.20268872
502,0.02069513,0.00050167885,0.2019345
503,0.020734264,0.00042822913,0.20306034
504,0.02012191,0.00011495798,0.2000695
505,0.020390078,0.00022208595,0.20167993
506,0.020347126,0.0003411245,0.20006001
507,0.020033693,0.00032476275,0.1970893
508,0.020149495,0.00039675127,0.19752744
509,0.020260833,0.00033507546,0.19925758
510,0.020124324,0.0001767835,0.1994754
511,0.019981496,0.00019683593,0.1978466
512,0.019717144,0.0002050754,0.19512068
513,0.019894296,0.00018053164,0.19713765
514,0.020025559,0.00015148174,0.19874077
515,0.020158337,0.0005709154,0.19587421
516,0.019735858,0.0002228943,0.19512963
517,0.01996355,0.0003997905,0.19563758
518,0.019805716,0.00013588982,0.19669826
519,0.019610113,0.00027445448,0.19335657
520,0.019777738,0.00024915297,0.19528584
521,0.020084364,0.00060258846,0.19481775
522,0.019633533,0.00016641957,0.19467112
523,0.019873697,0.0004201069,0.1945359
524,0.019432984,0.00023737621,0.19195609
525,0.019755755,0.0005007666,0.19254988
526,0.019360818,0.00033186586,0.19028951
527,0.019044617,0.00012096469,0.18923654
528,0.019246655,0.00025819952,0.18988454
529,0.01936729,0.0002980833,0.19069208
530,0.019196266,0.00023898235,0.18957283
531,0.0189251,0.00013508533,0.18790016
532,0.019176459,8.648636e-05,0.19089973
533,0.019354654,0.00031586722,0.19038787
534,0.01889695,0.00012234002,0.1877461
535,0.018958723,0.00012914112,0.18829583
536,0.019067325,0.00028619956,0.18781126
537,0.01888722,0.00014198618,0.18745233
538,0.018956546,0.00038798945,0.18568556
539,0.01869078,0.0002762953,0.18414484
540,0.018888038,0.00021672781,0.1867131
541,0.018387418,0.00037164605,0.18015772
542,0.01899032,0.0007904674,0.1819985
543,0.01837828,0.00015402984,0.1822425
544,0.018693319,0.00047415987,0.18219158
545,0.018233491,0.00013876162,0.18094729
546,0.018043103,9.0679154e-05,0.17952423
547,0.01793591,9.993579e-05,0.17835972
548,0.018243825,0.0002103865,0.18033439
549,0.017758017,0.00021227222,0.17545745
550,0.018039856,0.00038368144,0.17656174
551,0.017681565,0.00013932366,0.1754224
552,0.017736053,0.00012973469,0.17606318
553,0.017565867,0.00012949826,0.17436369
554,0.017608197,0.00020850716,0.17399691
555,0.017644867,0.0001184907,0.17526376
556,0.017560318,8.963492e-05,0.17470683
557,0.017294673,0.00019613234,0.1709854
558,0.017402183,0.0003573167,0.17044866
559,0.017182402,0.00018892717,0.16993476
560,0.017052164,0.00016983527,0.16882329
561,0.017275613,0.00020684682,0.17068766
562,0.017256774,0.00029498938,0.16961785
563,0.017016549,0.00023120354,0.16785346
564,0.01694406,0.00023311705,0.16710943
565,0.017089656,0.00018484001,0.16904816
566,0.016427355,0.00013903553,0.16288319
567,0.016409166,8.78811e-05,0.16321284
568,0.016425405,0.00018368394,0.16241719
569,0.01672611,0.00015556108,0.16570549
570,0.016125886,0.00016776714,0.15958118
571,0.016822973,0.0003440672,0.16478905
572,0.016415553,0.00026498997,0.16150564
573,0.016385993,0.00026079742,0.16125195
574,0.016203633,0.00019642094,0.1600721
575,0.016613986,0.0005997023,0.16014284
576,0.01611325,0.00029870085,0.15814547
577,0.015994024,0.0004049451,0.15589078
578,0.015631927,0.000114831724,0.15517095
579,0.015738895,0.0001398841,0.15599011
580,0.01561449,0.00014949881,0.15464991
581,0.015715363,0.0002137566,0.15501605
582,0.015809081,0.00013885614,0.15670225
583,0.015776517,0.00014972012,0.15626797
584,0.015491042,0.0001676204,0.15323421
585,0.015296379,0.000208958,0.15087421
586,0.015322438,0.00012484555,0.15197593
587,0.015342539,0.00022868135,0.15113857
588,0.0150369685,0.00024305348,0.14793915
589,0.015522444,0.00041736595,0.15105078
590,0.014941149,0.00029306638,0.14648083
591,0.0148817655,7.720542e-05,0.1480456
592,0.014445095,0.00024316175,0.14201933
593,0.014541936,0.00023132272,0.14310613
594,0.014330752,0.00011087987,0.14219873
595,0.014474644,0.00018816185,0.14286482
596,0.014331034,0.00016856573,0.14162469
597,0.014810083,0.00048717955,0.14322904
598,0.014495242,0.00026994268,0.142253
599,0.014144112,0.000219896,0.13924216
600,0.014248344,0.0002262619,0.14022082
601,0.014480036,0.00014866024,0.14331375
602,0.0141102085,0.00021673394,0.13893475
603,0.014150577,0.00028144833,0.13869128
604,0.013967803,0.00040938577,0.13558416
605,0.013645472,9.6918884e-05,0.13548553
606,0.01412056,0.0003210462,0.13799514
607,0.013694178,0.000302148,0.1339203
608,0.013955539,0.00027113006,0.13684408
609,0.013405666,0.00012233104,0.13283335
610,0.013758358,0.00021585474,0.13542503
611,0.013368909,0.00020573265,0.13163176
612,0.0136497505,0.00021404146,0.1343571
613,0.013237284,0.0001467078,0.13090576
614,0.013167226,0.00031839724,0.12848829
615,0.013472853,0.00036591064,0.13106942
616,0.013204813,0.00020712291,0.1299769
617,0.013231688,0.00023668919,0.12994999
618,0.013095493,0.00013301903,0.12962474
619,0.013201282,0.00045687606,0.12744406
620,0.01293063,0.00014954925,0.1278108
621,0.012760647,0.0002157346,0.12544912
622,0.01302656,0.0005895969,0.12436962
623,0.012947577,0.00032773716,0.1261984
624,0.012520548,0.00017544962,0.12345098
625,0.012441374,0.00031051424,0.1213086
626,0.012839652,0.00030793215,0.12531719
627,0.012420487,0.00015809857,0.12262388
628,0.0122510195,0.00038547476,0.11865545
629,0.012203594,0.00021493234,0.119886614
630,0.012062987,0.00017677528,0.118862115
631,0.01224545,0.00023078496,0.120146655
632,0.012433815,0.00016387652,0.12269938
633,0.012008212,0.00017050622,0.118377045
634,0.011980465,0.00031088316,0.116695814
635,0.011590493,0.00016402098,0.11426472
636,0.011953292,0.00031901413,0.116342776
637,0.011751765,0.0001807061,0.11571059
638,0.01116897,0.00010441468,0.110645555
639,0.0116798235,0.00020818037,0.11471643
640,0.011715131,0.00028134574,0.11433785
641,0.011578916,0.00025882418,0.11320092
642,0.011100981,0.00012817934,0.109728016
643,0.011237149,0.00022715016,0.110099986
644,0.0110783065,0.00016435032,0.10913956
645,0.01136494,0.00014421616,0.112207234
646,0.01098979,0.00010722685,0.108825624
647,0.0110716205,0.00018968122,0.10881939
648,0.010844456,0.0002448876,0.105995685
649,0.0112524545,0.0002697726,0.10982682
650,0.010974036,0.00018223605,0.107918
651,0.010320641,0.00019098286,0.10129658
652,0.010911563,0.00014914872,0.10762414
653,0.010990305,0.00026751182,0.10722792
654,0.01080129,0.00035711826,0.10444172
655,0.0106272185,0.0002720771,0.10355141
656,0.010470031,0.00028604805,0.101839826
657,0.010599371,0.00026969454,0.103296764
658,0.010254985,0.00010643058,0.10148554
659,0.010398678,0.00025514426,0.10143533
660,0.009888482,0.00014709236,0.0974139
661,0.010193687,0.00039746726,0.09796219
662,0.009850425,0.00018454134,0.09665883
663,0.009963877,0.00025248673,0.09711389
664,0.009892435,0.00043841268,0.094540216
665,0.010152404,0.00047256748,0.09679837
666,0.010433403,0.00048490957,0.09948493
667,0.009506849,0.00012226359,0.093845844
668,0.009733227,0.00017712863,0.09556099
669,0.009909265,0.00045638465,0.0945288
670,0.009640034,0.00027620833,0.09363826
671,0.009509427,0.00027068888,0.09238738
672,0.009353784,8.914113e-05,0.09264642
673,0.009377981,0.00016419005,0.0921379
674,0.0090610385,0.00015625855,0.089047804
675,0.009175229,0.00013071895,0.0904451
676,0.009101059,9.827921e-05,0.0900278
677,0.009388332,0.00019847322,0.09189859
678,0.009432183,0.00040077194,0.090314105
679,0.008987529,8.31269e-05,0.08904402
680,0.008847301,0.00019039349,0.08656908
681,0.0093914345,0.00038900832,0.090024255
682,0.008845072,8.8700996e-05,0.08756371
683,0.008812009,0.00018372784,0.08628282
684,0.008810387,0.00032813963,0.084822476
685,0.008870435,0.0002520479,0.08618387
686,0.008953477,0.00022175047,0.087317266
687,0.009070539,0.0002771642,0.08793374
688,0.00857863,0.00017054292,0.084080875
689,0.008444065,0.0002363054,0.08207759
690,0.008592262,8.595706e-05,0.08506304
691,0.008283502,0.00024942536,0.08034077
692,0.008276112,0.0002350349,0.08041077
693,0.008511573,0.0002009553,0.083106175
694,0.008139247,0.00025787717,0.078813694
695,0.0084872,0.00032066848,0.081665315
696,0.008325309,0.00025247474,0.08072834
697,0.008171995,0.000119580116,0.08052415
698,0.008337775,0.00024662135,0.08091153
699,0.007908861,0.0001975015,0.07711359
700,0.007940764,0.00020831887,0.07732445
701,0.007897662,0.00014972259,0.07747939
702,0.008047328,0.00032482517,0.07722503
703,0.0079790605,0.00013841895,0.078406416
704,0.007523746,0.00012409822,0.07399648
705,0.0075913374,9.2335875e-05,0.07499001
706,0.007739009,0.00019047421,0.07548535
707,0.007881201,0.00025996752,0.07621233
708,0.007375855,0.00014134112,0.07234514
709,0.007984291,0.0002498814,0.07734409
710,0.007433756,0.00018356222,0.072501935
711,0.0072837737,0.00015210695,0.07131667
712,0.0071645603,0.00013446063,0.070301
713,0.007923041,0.0005651511,0.073578894
714,0.0073157265,0.00021582536,0.07099901
715,0.00709581,8.92581e-05,0.07006552
716,0.007229712,0.00025675114,0.069729604
717,0.0074913492,0.00022943513,0.07261914
718,0.007067972,0.00013547466,0.06932497
719,0.007293975,0.00026311693,0.07030858
720,0.0069508087,0.00021535935,0.06735449
721,0.007084536,0.00031045178,0.06774084
722,0.007042703,0.0003620645,0.06680638
723,0.0068598567,0.00012915354,0.06730703
724,0.007051152,0.00014436024,0.06906792
725,0.0068986244,0.00022140422,0.0667722
726,0.0069028595,8.215771e-05,0.06820702
727,0.0068385857,0.00015054482,0.066880405
728,0.0066058673,0.00012849539,0.064773716
729,0.0068163597,0.00019301375,0.066233456
730,0.006819744,0.00017595626,0.06643788
731,0.0066114087,0.0002903608,0.06321048
732,0.0065859286,0.00010706921,0.064788595
733,0.006291008,0.000121914665,0.061690934
734,0.006648359,0.00026413513,0.06384224
735,0.006609112,7.2265975e-05,0.06536846
736,0.006744826,0.00032562634,0.064192
737,0.0062275217,9.019005e-05,0.061373312
738,0.006377479,0.00014881261,0.062286664
739,0.0061569493,0.00012928096,0.060276683
740,0.006276701,0.00023278537,0.060439155
741,0.0062902304,0.00010262197,0.061876085
742,0.006078055,0.00010883911,0.05969216
743,0.00632666,0.00020542182,0.06121238
744,0.0062515996,0.00013504099,0.061165586
745,0.005918419,0.00010271833,0.058157004
746,0.006265464,0.000216644,0.060488198
747,0.005791175,0.00014006486,0.0565111
748,0.0060275597,0.00017424731,0.058533125
749,0.0060902066,0.00020285098,0.058873557
750,0.0056433217,9.61544e-05,0.055471674
751,0.006116344,0.00016879922,0.059475448
752,0.0055907066,0.00012272249,0.054679837
753,0.005638484,0.00010620132,0.055322822
754,0.0056777443,0.00020358054,0.054741636
755,0.005782292,0.00019930967,0.055829827
756,0.005653752,0.00011954472,0.055342074
757,0.005480342,0.00010786677,0.053724755
758,0.00555521,0.00011887219,0.054363377
759,0.0054745153,0.00017193191,0.053025834
760,0.0056677624,0.00020419428,0.05463568
761,0.0055258935,0.00034087084,0.051850222
762,0.005934942,0.00034831197,0.0558663
763,0.005258891,0.00018147673,0.050774142
764,0.0054325336,0.0001308595,0.053016737
765,0.0053231623,0.00018274643,0.051404156
766,0.0055346675,0.00024313552,0.052915316
767,0.0055648275,0.00021412598,0.053507015
768,0.0052934643,0.00013531688,0.051581472
769,0.0052718506,0.00017645731,0.050953932
770,0.005292251,0.00021456662,0.050776843
771,0.005080947,0.00016419958,0.049167477
772,0.0053188885,0.00017246383,0.051464245
773,0.005140395,0.00011200882,0.05028386
774,0.0051172506,0.00013485209,0.04982398
775,0.005022202,0.00014252496,0.04879677
776,0.005104405,0.0001763408,0.04928064
777,0.0050905766,0.00017422621,0.0491635
778,0.004771667,0.00014200693,0.046296597
779,0.0049581593,0.00021288433,0.047452748
780,0.004978163,0.00019835541,0.04779808
781,0.004784294,0.00015702273,0.04627271
782,0.0048485063,0.00018292147,0.04665585
783,0.005010005,0.00015243646,0.048575684
784,0.0050165346,0.00019623549,0.04820299
785,0.0046794903,0.00019222865,0.044872615
786,0.0048497897,0.00010812837,0.047416613
787,0.004890738,0.00014051751,0.047502205
788,0.004679975,0.00019476522,0.0448521
789,0.004621679,0.0001328585,0.044888206
790,0.0051573245,0.0003703226,0.047870018
791,0.004555429,0.00016270994,0.04392719
792,0.004585633,0.00014048099,0.04445152
793,0.0044866484,0.00020075213,0.042858962
794,0.0045782267,8.532545e-05,0.044929013
795,0.004665513,0.00019791262,0.044676002
796,0.0049057254,0.0002184227,0.046873026
797,0.004573911,8.9837165e-05,0.044840734
798,0.0045193406,0.00019651483,0.043228257
799,0.0048108236,0.0003555904,0.04455233
800,0.0044087577,9.705134e-05,0.04311706
801,0.0046323207,0.00022762545,0.044046953
802,0.004613104,0.00015111067,0.04461993
803,0.0044410736,0.000120792385,0.04320281
804,0.004248927,0.000121647055,0.041272797
805,0.004357538,0.00010512759,0.042524103
806,0.0043182885,0.00011712742,0.04201161
807,0.0042724763,0.00016647276,0.04106003
808,0.004382486,0.00011783017,0.042646557
809,0.0044078785,0.0002248532,0.04183025
810,0.0042600855,0.0001226615,0.041374236
811,0.004335933,0.00012836617,0.042075668
812,0.0043692924,0.00012155453,0.04247738
813,0.0042800484,0.00011242146,0.04167627
814,0.0042156703,0.0001357148,0.040799554
815,0.0043268367,0.00022238301,0.041044537
816,0.003912258,0.00014996836,0.037622895
817,0.0040829447,8.4864565e-05,0.039980803
818,0.004054391,0.00019488038,0.038595106
819,0.004350398,0.00047172123,0.03878677
820,0.0040092943,0.00015434231,0.03854952
821,0.0043223975,0.00048500556,0.038373917
822,0.0040823137,0.00017048672,0.03911827
823,0.003982488,0.00021864413,0.037638437
824,0.003938917,0.00021504762,0.037238695
825,0.004109977,0.00010534596,0.040046304
826,0.0040229512,0.00021395762,0.038089935
827,0.0038232016,9.9695775e-05,0.03723506
828,0.0038795106,0.00015182738,0.03727683
829,0.0040863394,0.000114618466,0.03971721
830,0.003766283,0.00011918383,0.03647099
831,0.003865475,0.00014722571,0.03718249
832,0.003694951,0.00018348862,0.035114624
833,0.0036723854,0.00012770956,0.03544676
834,0.0037856568,0.0001113724,0.036742844
835,0.0037549124,0.00017589134,0.03579021
836,0.0038556454,0.00012007821,0.037355673
837,0.0038457906,0.00015506856,0.036907222
838,0.003851817,0.0002120719,0.03639745
839,0.004303057,0.00040899843,0.03894059
840,0.0039053168,0.00014752834,0.037577886
841,0.003596317,0.00013470648,0.034616105
842,0.003554844,0.000129125,0.03425719
843,0.0038195828,0.00015950919,0.036600735
844,0.003618861,0.00022540486,0.033934563
845,0.0036565745,0.00015301828,0.03503556
846,0.0035161735,0.00014922327,0.0336695
847,0.0038300192,0.00012589741,0.037041217
848,0.0036180317,9.9025034e-05,0.03519007
849,0.003516662,0.00010583518,0.034108266
850,0.0035224971,0.00017977516,0.03342722
851,0.0034902284,0.0001643291,0.033258993
852,0.0036792362,0.000109124085,0.035701122
853,0.0034021158,0.00016931942,0.032327965
854,0.003463748,0.00023294655,0.032308012
855,0.0034696765,0.00012193325,0.033477433
856,0.0033862418,0.00012733186,0.0325891
857,0.0033756841,8.761945e-05,0.032880645
858,0.0035687815,0.00012326997,0.034455113
859,0.0034330233,7.368844e-05,0.03359335
860,0.0034526077,0.00010312899,0.033494785
861,0.0034717415,0.00013343319,0.033383083
862,0.003466913,0.00029020582,0.03176707
863,0.0033992273,0.00014198545,0.03257242
864,0.00343309,0.00013212621,0.033009637
865,0.0033684769,0.0001734042,0.031950727
866,0.0037026384,0.00023593809,0.034667004
867,0.0032455996,0.00010739024,0.03138209
868,0.0034025717,0.00018509867,0.03217473
869,0.003336668,0.000116669835,0.032199983
870,0.0032881629,9.229894e-05,0.03195864
871,0.003288622,0.000132756,0.03155866
872,0.0033104473,0.000117118514,0.03193329
873,0.003529551,0.00013574085,0.033938102
874,0.0034852154,0.00018274128,0.03302474
875,0.0032080966,0.00015712807,0.030509684
876,0.0032701332,0.00022405767,0.030460754
877,0.0030708064,8.5221414e-05,0.02985585
878,0.0034580727,0.00030710868,0.031509638
879,0.0031904853,0.00014627204,0.030442132
880,0.0032435043,0.00011943068,0.031240735
881,0.0031847418,0.00023680743,0.029479343
882,0.0032027573,0.00017346139,0.030292958
883,0.003287553,0.00014716876,0.031403843
884,0.0031121534,9.7432116e-05,0.030147212
885,0.0031444398,0.00015233559,0.029921042
886,0.0030402024,0.00016357831,0.028766243
887,0.0031667887,0.0001833231,0.029834654
888,0.0031239977,0.00017369306,0.029503046
889,0.0031107098,9.725747e-05,0.030134521
890,0.0031974774,0.00013873786,0.030587394
891,0.003057252,0.00012593114,0.029313209
892,0.0035613591,0.000103523664,0.034578353
893,0.00310554,0.00010582585,0.02999714
894,0.0031333657,0.00019568233,0.029376833
895,0.0030654513,0.00014479907,0.029206522
896,0.0032465442,0.00022711742,0.030194268
897,0.0033809743,7.5328746e-05,0.033056457
898,0.0028693196,0.00016011219,0.027092073
899,0.0031281346,0.000165602,0.029625326
900,0.002985976,0.00012704877,0.028589273
901,0.003080268,9.164191e-05,0.02988626
902,0.0030292543,0.00021182897,0.028174251
903,0.0029254577,0.00014867116,0.027767865
904,0.0030408502,0.00018189836,0.028589517
905,0.0030351195,0.00013720921,0.028979102
906,0.0029444052,0.0001221521,0.028222531
907,0.0029608277,0.00015469914,0.028061284
908,0.003030288,9.936819e-05,0.029309198
909,0.0028550827,0.00011273649,0.027423462
910,0.0029569229,0.00020349077,0.027534321
911,0.0031340166,0.00017406765,0.02959949
912,0.002972215,9.489867e-05,0.028773163
913,0.002813227,9.78418e-05,0.027153851
914,0.0029273394,0.00021341287,0.027139265
915,0.0030620226,0.00022580447,0.028362181
916,0.0028861933,0.00013200569,0.027541876
917,0.0029760688,0.00024390091,0.02732168
918,0.0030548458,0.00020236839,0.028524773
919,0.0028748345,0.00019970711,0.026751274
920,0.0030539348,0.00021623666,0.028376982
921,0.0027690076,9.744614e-05,0.026715614
922,0.0027440926,9.106259e-05,0.0265303
923,0.0028440468,0.00020002894,0.026440177
924,0.0029402475,0.00015711141,0.02783136
925,0.0028511425,0.00012134791,0.027297948
926,0.0027487064,0.00011656029,0.02632146
927,0.0027525735,0.00012329828,0.026292752
928,0.0028428165,0.00019637242,0.02646444
929,0.0028482429,0.000112166264,0.027360767
930,0.0028104808,0.00013141175,0.02679069
931,0.002831116,0.00013559265,0.026955234
932,0.0028512327,0.00010977673,0.02741456
933,0.0028541475,0.00014960974,0.027045377
934,0.0028452545,0.00022657613,0.026186783
935,0.0027168763,7.92694e-05,0.02637607
936,0.002763303,0.00019664355,0.025666593
937,0.0027709561,0.00013980709,0.02631149
938,0.002589844,0.00011872068,0.024711233
939,0.002878689,9.819023e-05,0.027804986
940,0.002767535,0.0001813352,0.025861997
941,0.0028044225,9.2908434e-05,0.02711514
942,0.002958555,0.00013266274,0.028258922
943,0.002750303,0.00012378908,0.026265139
944,0.002816954,0.00014126714,0.026756868
945,0.0028505016,0.0002228124,0.02627689
946,0.0026401626,0.00015367032,0.024864921
947,0.0027049102,0.00015806398,0.025468461
948,0.0026724252,0.00016485553,0.025075696
949,0.0028986768,0.00019099687,0.0270768
950,0.0026002089,0.00019116329,0.024090456
951,0.0025543661,0.00011939322,0.024349729
952,0.0026075547,0.00014390695,0.024636475
953,0.0025327338,0.00013320995,0.02399524
954,0.0026805026,0.00011763626,0.025628664
955,0.0029374242,0.00020441053,0.027330136
956,0.0027879784,0.00015803288,0.026299454
957,0.0027478286,0.00022265626,0.025251724
958,0.002566485,0.000109225366,0.024572596
959,0.0026350513,0.00013305155,0.025019998
960,0.00269345,0.0001015136,0.025919363
961,0.0027532198,8.1445396e-05,0.026717745
962,0.0027180715,0.00019645986,0.025216116
963,0.0025149211,0.00014647633,0.023684448
964,0.002735425,0.00017951072,0.025559142
965,0.002702653,0.00017433369,0.025283193
966,0.0025591252,9.051773e-05,0.024686074
967,0.0026539795,8.8932175e-05,0.025650471
968,0.0024603016,0.00017560873,0.022846928
969,0.0026639914,0.00016771964,0.024962718
970,0.0026649134,0.00018204778,0.024828658
971,0.0025052703,0.00015303004,0.023522401
972,0.002464449,0.00012348301,0.023409659
973,0.0024317268,0.00015173457,0.022799922
974,0.0025230392,0.00012050562,0.024025336
975,0.002597437,0.00014395494,0.02453482
976,0.0024536678,9.6746924e-05,0.023569208
977,0.002432538,0.00017175128,0.022607867
978,0.0025481267,0.000113490816,0.02434636
979,0.002473984,0.00014576718,0.023282168
980,0.002624662,0.00021587824,0.024087837
981,0.0025894507,0.00021553876,0.023739118
982,0.0026340967,0.00010809111,0.025260054
983,0.00266423,0.00011347053,0.025507595
984,0.0024767972,0.00018271919,0.02294078
985,0.002460734,0.00012211244,0.023386216
986,0.0026317842,0.000106220614,0.025255635
987,0.002693639,0.00010847561,0.025851633
988,0.002472425,0.00011061003,0.02361815
989,0.0024567465,0.00012067458,0.02336072
990,0.0026370815,0.00010603535,0.025310462
991,0.0024403615,0.00015887192,0.022814896
992,0.00245349,0.00013414749,0.023193425
993,0.0025799996,0.00017466211,0.024053374
994,0.0026575876,0.00018016036,0.024774272
995,0.0025518432,5.2688705e-05,0.024991544
996,0.0025457242,0.0001102817,0.024354424
997,0.0023818037,7.618562e-05,0.02305618
998,0.0025155193,0.00010190767,0.024136115
999,0.002421396,8.2115934e-05,0.023392802
1000,0.0025003748,0.00020689785,0.02293477
